layer,head,delta,coverage_pct
26,1,0.178897,100.00
26,26,0.192757,100.00
26,5,0.151792,100.00
26,8,0.191646,100.00
