head,KL_sel,coverage_pct
1,0.000096,1.57
5,0.000045,0.74
8,0.000016,0.26
26,0.000123,2.02
30,0.002105,34.48
