{
  "layer": 24,
  "n_train": 450,
  "n_val": 150,
  "k_positions": 1,
  "val_r2": -0.1915,
  "train_r2": 0.9817,
  "r2_shuffled": -0.1992,
  "lam": null,
  "solver": "procrustes_scaled",
  "pca_q": 0,
  "logit_subspace": "0",
  "cka_mapped_vs_tuned_val": 0.3818,
  "cos_stats": {
    "mean": 0.4124038810034593,
    "median": 0.4098210036754608,
    "p10": 0.22135746479034424,
    "p90": 0.6303813457489014
  },
  "map_path": "mechdiff/artifacts/rq2/maps/rq2_clt_L24_procrustes_scaled_20250826_110143.pt"
}