{
  "layer": 24,
  "n_train": 450,
  "n_val": 150,
  "k_positions": 1,
  "hook": "attn_out",
  "val_r2": -0.1934,
  "train_r2": 0.9817,
  "r2_shuffled": -0.1987,
  "lam": null,
  "solver": "procrustes_scaled",
  "pca_q": 0,
  "logit_subspace": "0",
  "cka_mapped_vs_tuned_val": 0.378,
  "cos_stats": {
    "mean": 0.41136418501536054,
    "median": 0.40320032835006714,
    "p10": 0.20755931735038757,
    "p90": 0.6221319437026978
  },
  "map_path": "mechdiff/artifacts/rq2/maps/rq2_clt_L24_attn_out_procrustes_scaled_20250827_123608.pt"
}