{
  "layer": 24,
  "n_train": 450,
  "n_val": 150,
  "k_positions": 10,
  "val_r2": -5232123.5444,
  "train_r2": -5970674.5701,
  "r2_shuffled": -5232845.2458,
  "lam": null,
  "solver": "procrustes_scaled",
  "pca_q": 0,
  "logit_subspace": "0",
  "cka_mapped_vs_tuned_val": 0.2231,
  "cos_stats": {
    "mean": 0.5604966938495636,
    "median": 0.5882090330123901,
    "p10": 0.40792715549468994,
    "p90": 0.6669470071792603
  }
}