{
  "layer": 26,
  "n_train": 450,
  "n_val": 150,
  "k_positions": 1,
  "hook": "attn_out",
  "val_r2": -0.3673,
  "train_r2": 0.9976,
  "r2_shuffled": -0.3685,
  "lam": null,
  "solver": "procrustes_scaled",
  "pca_q": 32,
  "logit_subspace": "0",
  "cka_mapped_vs_tuned_val": 0.5404,
  "cos_stats": {
    "mean": 0.44115585257609685,
    "median": 0.42665448784828186,
    "p10": 0.27496251463890076,
    "p90": 0.6130611300468445
  },
  "map_path": "mechdiff/artifacts/rq2/maps/rq2_clt_L26_attn_out_procrustes_scaled_20250826_132106.pt"
}