{
  "layer": 26,
  "n_train": 450,
  "n_val": 150,
  "k_positions": 1,
  "val_r2": -0.3155,
  "train_r2": 0.9987,
  "r2_shuffled": -0.3191,
  "lam": null,
  "solver": "procrustes_scaled",
  "pca_q": 0,
  "logit_subspace": "0",
  "cka_mapped_vs_tuned_val": 0.6362,
  "cos_stats": {
    "mean": 0.6271194277207056,
    "median": 0.6368075609207153,
    "p10": 0.4942886233329773,
    "p90": 0.7453321814537048
  },
  "map_path": "mechdiff/artifacts/rq2/maps/rq2_clt_L26_procrustes_scaled_20250826_110358.pt"
}