{
  "layer": 24,
  "n_train": 450,
  "n_val": 150,
  "k_positions": 10,
  "val_r2": -0.4374,
  "train_r2": 0.9984,
  "r2_shuffled": -0.9172,
  "lam": 10.0,
  "solver": "ridge",
  "pca_q": 0,
  "logit_subspace": "0",
  "cka_mapped_vs_tuned_val": 0.6286,
  "cos_stats": {
    "mean": 0.48028158764044443,
    "median": 0.4773257374763489,
    "p10": 0.3196585178375244,
    "p90": 0.6292710304260254
  }
}