{
  "layer": 26,
  "n_train": 450,
  "n_val": 150,
  "k_positions": 10,
  "val_r2": -5502786.5219,
  "train_r2": -6292542.0624,
  "r2_shuffled": -5503333.7811,
  "lam": null,
  "solver": "procrustes_scaled",
  "pca_q": 0,
  "logit_subspace": "0",
  "cka_mapped_vs_tuned_val": 0.2154,
  "cos_stats": {
    "mean": 0.11431103810357551,
    "median": 0.11525806784629822,
    "p10": 0.020006917417049408,
    "p90": 0.19794254004955292
  }
}