{
  "layer": 26,
  "n_train": 450,
  "n_val": 150,
  "k_positions": 1,
  "val_r2": -0.2888,
  "train_r2": 0.9984,
  "r2_shuffled": -0.2929,
  "lam": null,
  "solver": "procrustes_scaled",
  "pca_q": 0,
  "logit_subspace": "0",
  "cka_mapped_vs_tuned_val": 0.5266,
  "cos_stats": {
    "mean": 0.45642851958672204,
    "median": 0.45863935351371765,
    "p10": 0.2931162416934967,
    "p90": 0.6029903888702393
  },
  "map_path": "mechdiff/artifacts/rq2/maps/rq2_clt_L26_procrustes_scaled_20250823_150138.pt"
}