{
  "layer": 24,
  "n_train": 450,
  "n_val": 150,
  "k_positions": 10,
  "val_r2": -7926051.7076,
  "train_r2": -8978814.9058,
  "r2_shuffled": -7926953.414,
  "lam": null,
  "solver": "procrustes_scaled",
  "pca_q": 0,
  "logit_subspace": "0",
  "cka_mapped_vs_tuned_val": 0.1881,
  "cos_stats": {
    "mean": 0.15074503536336123,
    "median": 0.14811088144779205,
    "p10": 0.05797741934657097,
    "p90": 0.24459992349147797
  }
}