{
  "layer": 24,
  "n_train": 450,
  "n_val": 150,
  "k_positions": 1,
  "val_r2": -0.2477,
  "train_r2": 0.9978,
  "r2_shuffled": -0.2531,
  "lam": null,
  "solver": "procrustes_scaled",
  "pca_q": 0,
  "logit_subspace": "0",
  "cka_mapped_vs_tuned_val": 0.6291,
  "cos_stats": {
    "mean": 0.4641938511033853,
    "median": 0.45947811007499695,
    "p10": 0.2958393692970276,
    "p90": 0.6144577264785767
  },
  "map_path": "mechdiff/artifacts/rq2/maps/rq2_clt_L24_procrustes_scaled_20250826_110252.pt"
}