{
  "layer": 10,
  "n_train": 450,
  "n_val": 150,
  "k_positions": 1,
  "val_r2": -0.3365,
  "train_r2": 0.9993,
  "r2_shuffled": -0.3405,
  "lam": null,
  "solver": "procrustes_scaled",
  "pca_q": 0,
  "logit_subspace": "0",
  "cka_mapped_vs_tuned_val": 0.7571,
  "cos_stats": {
    "mean": 0.7138708702723185,
    "median": 0.721920907497406,
    "p10": 0.6226351261138916,
    "p90": 0.8098598718643188
  },
  "map_path": "mechdiff/artifacts/rq2/maps/rq2_clt_L10_procrustes_scaled_20250823_144720.pt"
}