{
  "0": 0.8185837864875793,
  "2": 0.7639663815498352,
  "4": 0.828446626663208,
  "6": 0.8618078231811523,
  "8": 0.8989394903182983,
  "10": 0.9038128852844238,
  "12": 0.8955645561218262,
  "14": 0.8755919337272644,
  "16": 0.8376988172531128,
  "18": 0.7648539543151855,
  "20": 0.7210015654563904,
  "22": 0.660400927066803,
  "24": 0.6343755125999451,
  "26": 0.6306334733963013,
  "28": 0.652296781539917,
  "30": 0.6768439412117004
}