{
  "L8": {
    "tuned<-base": {
      "refusal_delta_pp": 0.0,
      "kl_nexttoken": 0.004613012117998941
    },
    "base<-tuned": {
      "refusal_delta_pp": 0.0,
      "kl_nexttoken": 0.0971310191495078
    }
  },
  "L10": {
    "tuned<-base": {
      "refusal_delta_pp": 0.0,
      "kl_nexttoken": 0.014066215242658343
    },
    "base<-tuned": {
      "refusal_delta_pp": 0.0,
      "kl_nexttoken": 0.15269356523241315
    }
  },
  "L12": {
    "tuned<-base": {
      "refusal_delta_pp": 0.0,
      "kl_nexttoken": 0.019612445831298828
    },
    "base<-tuned": {
      "refusal_delta_pp": 0.0,
      "kl_nexttoken": 0.379479786327907
    }
  },
  "L14": {
    "tuned<-base": {
      "refusal_delta_pp": 0.0,
      "kl_nexttoken": 0.05222560337611607
    },
    "base<-tuned": {
      "refusal_delta_pp": 0.0,
      "kl_nexttoken": 0.22493987083435057
    }
  },
  "L24": {
    "tuned<-base": {
      "refusal_delta_pp": 0.0,
      "kl_nexttoken": 0.2636000279017857
    },
    "base<-tuned": {
      "refusal_delta_pp": 0.0,
      "kl_nexttoken": 0.54128659929548
    }
  },
  "L26": {
    "tuned<-base": {
      "refusal_delta_pp": 0.0,
      "kl_nexttoken": 0.30728306361607144
    },
    "base<-tuned": {
      "refusal_delta_pp": 0.0,
      "kl_nexttoken": 0.7884279496329172
    }
  },
  "L30": {
    "tuned<-base": {
      "refusal_delta_pp": 0.0,
      "kl_nexttoken": 0.44081089564732145
    },
    "base<-tuned": {
      "refusal_delta_pp": 0.0,
      "kl_nexttoken": 1.6988561139787945
    }
  }
}