{
  "0": 0.8915994167327881,
  "2": 0.916857123374939,
  "4": 0.853140115737915,
  "6": 0.8345788717269897,
  "8": 0.7445113062858582,
  "10": 0.5849794745445251,
  "12": 0.561677873134613,
  "14": 0.649665355682373,
  "16": 0.6752385497093201,
  "18": 0.6994248032569885,
  "20": 0.6766563057899475,
  "22": 0.6595267057418823,
  "24": 0.6640280485153198,
  "26": 0.6790358424186707,
  "28": 0.7060694098472595,
  "30": 0.7189369797706604
}