{
  "layer": 26,
  "hook": "mlp_out",
  "alpha": 0.7,
  "KL_raw_mean": 6.520505119959513,
  "KL_mapped_mean": 5.935295771757762,
  "reduction": 0.5852093482017517,
  "drop_pct": 8.97490819247122,
  "source_file": "mapped_patch_L26_val.json",
  "timestamp": "2025-08-26T11:35:51"
}