{
  "layer": 24,
  "hook": "mlp_out",
  "alpha": 1.0,
  "KL_raw_mean": 7.1848560221989946,
  "KL_mapped_mean": 6.4622140343983965,
  "reduction": 0.7226419878005981,
  "drop_pct": 10.057849253594737,
  "source_file": "mapped_patch_L24_val.json",
  "timestamp": "2025-08-26T11:23:21"
}