{
  "layer": 24,
  "hook": "resid_post",
  "alpha": 0.7,
  "KL_raw_mean": 6.433974396387736,
  "KL_mapped_mean": 5.59624140103658,
  "reduction": 0.8377329953511561,
  "drop_pct": 13.020458953356878,
  "source_file": "mapped_patch_L24_val.json",
  "timestamp": "2025-08-26T11:13:05"
}