{
  "layer": 24,
  "hook": "resid_post",
  "alpha": 1.0,
  "KL_raw_mean": 6.433974396387736,
  "KL_mapped_mean": 5.775890097618103,
  "reduction": 0.6580842987696327,
  "drop_pct": 10.228270400626787,
  "source_file": "mapped_patch_L24_val.json",
  "timestamp": "2025-08-26T11:14:16"
}