{
  "layer": 24,
  "hook": "attn_out",
  "alpha": 1.0,
  "KL_raw_mean": 5.7636544211705525,
  "KL_mapped_mean": 7.062169629732768,
  "reduction": -1.2985152085622156,
  "drop_pct": -22.52937309691266,
  "source_file": "mapped_patch_L24_val.json",
  "timestamp": "2025-08-26T11:18:54"
}