{
  "layer": 26,
  "hook": "resid_post",
  "alpha": 1.0,
  "KL_raw_mean": 6.834608254432678,
  "KL_mapped_mean": 5.864127788543701,
  "reduction": 0.9704804658889765,
  "drop_pct": 14.199503903673751,
  "source_file": "mapped_patch_L26_val.json",
  "timestamp": "2025-08-26T11:27:54"
}