{
  "layer": 24,
  "hook": "attn_out",
  "alpha": 0.3,
  "KL_raw_mean": 5.7636544211705525,
  "KL_mapped_mean": 7.050609575907389,
  "reduction": -1.2869551547368365,
  "drop_pct": -22.32880496807208,
  "source_file": "mapped_patch_L24_val.json",
  "timestamp": "2025-08-26T11:15:33"
}