{
  "layer": 26,
  "hook": "mlp_out",
  "alpha": 1.0,
  "KL_raw_mean": 6.520505119959513,
  "KL_mapped_mean": 5.90200534025828,
  "reduction": 0.6184997797012333,
  "drop_pct": 9.485458079129208,
  "source_file": "mapped_patch_L26_val.json",
  "timestamp": "2025-08-26T11:36:57"
}