{
  "layer": 24,
  "hook": "mlp_out",
  "alpha": 0.3,
  "KL_raw_mean": 7.1848560221989946,
  "KL_mapped_mean": 7.0205979220072425,
  "reduction": 0.16425810019175202,
  "drop_pct": 2.2861710754431965,
  "source_file": "mapped_patch_L24_val.json",
  "timestamp": "2025-08-26T11:20:02"
}