{
  "layer": 26,
  "hook": "resid_post",
  "alpha": 0.5,
  "KL_raw_mean": 6.834608254432678,
  "KL_mapped_mean": 5.409490574200948,
  "reduction": 1.4251176802317298,
  "drop_pct": 20.85149034412397,
  "source_file": "mapped_patch_L26_val.json",
  "timestamp": "2025-08-26T11:25:38"
}