{
  "layer": 24,
  "hook": "attn_out",
  "alpha": 0.7,
  "KL_raw_mean": 5.7636544211705525,
  "KL_mapped_mean": 6.980568002065023,
  "reduction": -1.2169135808944702,
  "drop_pct": -21.11357642166417,
  "source_file": "mapped_patch_L24_val.json",
  "timestamp": "2025-08-26T11:17:45"
}