{
  "layer": 26,
  "hook": "resid_post",
  "alpha": 0.3,
  "KL_raw_mean": 6.834608254432678,
  "KL_mapped_mean": 5.3043688265482585,
  "reduction": 1.5302394278844194,
  "drop_pct": 22.389570417469965,
  "source_file": "mapped_patch_L26_val.json",
  "timestamp": "2025-08-26T11:24:27"
}