{
  "layer": 24,
  "hook": "attn_out",
  "alpha": 0.5,
  "KL_raw_mean": 5.7636544211705525,
  "KL_mapped_mean": 7.024369880358378,
  "reduction": -1.2607154591878258,
  "drop_pct": -21.87354353788242,
  "source_file": "mapped_patch_L24_val.json",
  "timestamp": "2025-08-26T11:16:39"
}