{
  "layer": 26,
  "hook": "attn_out",
  "alpha": 0.7,
  "KL_raw_mean": 7.840968947410584,
  "KL_mapped_mean": 5.366300880114237,
  "reduction": 2.4746680672963466,
  "drop_pct": 31.560743115984227,
  "source_file": "mapped_patch_L26_val.json",
  "timestamp": "2025-08-26T11:31:17"
}