{
  "layer": 26,
  "hook": "attn_out",
  "alpha": 0.3,
  "KL_raw_mean": 7.840968947410584,
  "KL_mapped_mean": 5.169915506045023,
  "reduction": 2.6710534413655607,
  "drop_pct": 34.0653490567343,
  "source_file": "mapped_patch_L26_val.json",
  "timestamp": "2025-08-26T11:29:04"
}